{
  "n_images": 109309,
  "width_mean": 695.7205536598084,
  "height_mean": 497.2650742390837,
  "filesize_mean": 65809.17005919
}